Agent,Fitness,Move
Generation: 1
40,4,defect
19,4,defect
Generation: 1
10,4,defect
25,4,defect
Generation: 1
45,4,defect
47,4,defect
Generation: 1
26,4,defect
37,4,defect
Generation: 1
34,4,defect
27,4,defect
Generation: 1
39,4,defect
11,4,cooperate
Generation: 1
29,4,cooperate
4,4,cooperate
Generation: 1
28,4,cooperate
38,4,cooperate
Generation: 1
8,4,cooperate
3,4,cooperate
Generation: 1
21,4,cooperate
2,4,cooperate
Generation: 1
42,4,cooperate
35,4,cooperate
Generation: 1
7,4,cooperate
17,4,cooperate
Generation: 1
30,4,cooperate
5,4,cooperate
Generation: 1
15,4,cooperate
41,4,cooperate
Generation: 1
43,4,cooperate
14,4,cooperate
Generation: 1
9,4,cooperate
36,4,cooperate
Generation: 1
31,4,cooperate
49,4,cooperate
Generation: 1
18,4,cooperate
32,4,cooperate
Generation: 1
24,4,cooperate
0,4,cooperate
Generation: 1
13,4,cooperate
20,4,cooperate
Generation: 1
23,4,cooperate
48,4,cooperate
Generation: 1
22,4,cooperate
12,4,cooperate
Generation: 1
6,4,cooperate
16,4,cooperate
Generation: 1
33,4,cooperate
1,4,cooperate
Generation: 1
46,4,cooperate
44,4,cooperate
Generation: 2
23,4,cooperate
28,4,cooperate
Generation: 2
5,4,cooperate
8,4,cooperate
Generation: 2
22,4,cooperate
48,4,cooperate
Generation: 2
45,4,cooperate
47,4,cooperate
Generation: 2
30,4,cooperate
31,4,cooperate
Generation: 2
49,4,cooperate
13,4,cooperate
Generation: 2
3,4,cooperate
1,4,cooperate
Generation: 2
12,4,cooperate
26,4,cooperate
Generation: 2
46,4,cooperate
4,4,cooperate
Generation: 2
40,4,defect
21,4,defect
Generation: 2
19,4,defect
41,4,defect
Generation: 2
9,4,defect
11,4,cooperate
Generation: 2
36,4,cooperate
18,4,cooperate
Generation: 2
17,4,cooperate
34,4,cooperate
Generation: 2
29,4,cooperate
37,4,cooperate
Generation: 2
15,4,cooperate
33,4,cooperate
Generation: 2
2,4,cooperate
42,4,cooperate
Generation: 2
38,4,cooperate
35,4,cooperate
Generation: 2
27,4,cooperate
32,4,cooperate
Generation: 2
44,4,cooperate
7,4,cooperate
Generation: 2
16,4,cooperate
43,4,cooperate
Generation: 2
39,4,defect
10,4,defect
Generation: 2
0,4,defect
6,4,defect
Generation: 2
25,4,defect
20,4,cooperate
Generation: 2
14,4,cooperate
24,4,cooperate
Generation: 3
11,4,cooperate
5,4,cooperate
Generation: 3
9,4,cooperate
13,4,cooperate
Generation: 3
17,4,cooperate
27,4,cooperate
Generation: 3
3,4,cooperate
32,4,cooperate
Generation: 3
41,4,cooperate
22,4,cooperate
Generation: 3
19,4,cooperate
15,4,cooperate
Generation: 3
10,4,defect
33,4,defect
Generation: 3
31,4,defect
49,4,defect
Generation: 3
20,4,cooperate
7,4,cooperate
Generation: 3
42,4,cooperate
29,4,cooperate
Generation: 3
34,4,cooperate
18,4,cooperate
Generation: 3
43,4,cooperate
45,4,cooperate
Generation: 3
6,4,cooperate
36,4,cooperate
Generation: 3
25,4,cooperate
28,4,cooperate
Generation: 3
37,4,cooperate
26,4,cooperate
Generation: 3
24,4,cooperate
12,4,cooperate
Generation: 3
2,4,cooperate
0,4,cooperate
Generation: 3
21,4,cooperate
30,4,cooperate
Generation: 3
40,4,defect
46,4,defect
Generation: 3
39,4,defect
47,4,defect
Generation: 3
48,4,cooperate
38,4,cooperate
Generation: 3
1,4,cooperate
8,4,cooperate
Generation: 3
4,4,cooperate
14,4,cooperate
Generation: 3
16,4,cooperate
44,4,cooperate
Generation: 3
35,4,cooperate
23,4,cooperate
Generation: 4
46,4,cooperate
4,4,cooperate
Generation: 4
9,4,cooperate
2,4,cooperate
Generation: 4
13,4,cooperate
33,4,cooperate
Generation: 4
45,4,cooperate
18,4,cooperate
Generation: 4
43,4,cooperate
14,4,cooperate
Generation: 4
49,4,cooperate
6,4,cooperate
Generation: 4
40,4,defect
28,4,defect
Generation: 4
29,4,defect
39,4,defect
Generation: 4
47,4,defect
1,4,defect
Generation: 4
30,4,defect
32,4,defect
Generation: 4
5,4,cooperate
23,4,cooperate
Generation: 4
24,4,cooperate
38,4,cooperate
Generation: 4
26,4,cooperate
3,4,cooperate
Generation: 4
48,4,cooperate
19,4,cooperate
Generation: 4
44,4,cooperate
31,4,cooperate
Generation: 4
22,4,cooperate
10,4,defect
Generation: 4
0,4,defect
8,4,defect
Generation: 4
27,4,defect
25,4,defect
Generation: 4
7,4,defect
11,4,cooperate
Generation: 4
34,4,cooperate
36,4,cooperate
Generation: 4
21,4,cooperate
41,4,cooperate
Generation: 4
37,4,cooperate
42,4,cooperate
Generation: 4
20,4,cooperate
15,4,cooperate
Generation: 4
17,4,cooperate
35,4,cooperate
Generation: 4
16,4,cooperate
12,4,cooperate
Generation: 5
10,4,defect
0,4,defect
Generation: 5
8,4,defect
7,4,defect
Generation: 5
34,4,defect
26,4,defect
Generation: 5
2,4,defect
3,4,defect
Generation: 5
46,4,defect
30,4,defect
Generation: 5
4,4,defect
35,4,cooperate
Generation: 5
31,4,cooperate
16,4,cooperate
Generation: 5
42,4,cooperate
29,4,defect
Generation: 5
17,4,cooperate
5,4,cooperate
Generation: 5
6,4,cooperate
24,4,cooperate
Generation: 5
41,4,cooperate
27,4,cooperate
Generation: 5
18,4,cooperate
15,4,cooperate
Generation: 5
23,4,cooperate
38,4,cooperate
Generation: 5
44,4,cooperate
33,4,cooperate
Generation: 5
14,4,cooperate
45,4,cooperate
Generation: 5
13,4,cooperate
11,4,cooperate
Generation: 5
20,4,cooperate
40,4,defect
Generation: 5
21,4,defect
32,4,defect
Generation: 5
19,4,defect
12,4,defect
Generation: 5
25,4,defect
48,4,cooperate
Generation: 5
22,4,cooperate
39,4,defect
Generation: 5
36,4,defect
28,4,defect
Generation: 5
43,4,defect
49,4,defect
Generation: 5
37,4,defect
9,4,defect
Generation: 5
1,4,defect
47,4,defect
Generation: 6
14,4,defect
25,4,defect
Generation: 6
1,4,defect
12,4,defect
Generation: 6
19,4,defect
13,4,defect
Generation: 6
38,4,defect
36,4,defect
Generation: 6
48,4,cooperate
47,4,cooperate
Generation: 6
18,4,cooperate
32,4,cooperate
Generation: 6
4,4,cooperate
49,4,cooperate
Generation: 6
43,4,defect
26,4,defect
Generation: 6
34,4,defect
21,4,defect
Generation: 6
30,4,defect
16,4,cooperate
Generation: 6
24,4,cooperate
0,4,cooperate
Generation: 6
7,4,cooperate
40,4,defect
Generation: 6
10,4,defect
22,4,defect
Generation: 6
35,4,cooperate
37,4,cooperate
Generation: 6
20,4,cooperate
28,4,cooperate
Generation: 6
33,4,cooperate
39,4,defect
Generation: 6
5,4,cooperate
9,4,cooperate
Generation: 6
15,4,cooperate
6,4,cooperate
Generation: 6
41,4,cooperate
23,4,cooperate
Generation: 6
29,4,defect
45,4,defect
Generation: 6
17,4,cooperate
31,4,cooperate
Generation: 6
2,4,cooperate
3,4,cooperate
Generation: 6
44,4,cooperate
8,4,cooperate
Generation: 6
46,4,cooperate
11,4,cooperate
Generation: 6
42,4,cooperate
27,4,cooperate
Generation: 7
10,4,defect
26,4,defect
Generation: 7
30,4,defect
22,4,defect
Generation: 7
3,4,defect
14,4,defect
Generation: 7
20,4,cooperate
41,4,cooperate
Generation: 7
34,4,cooperate
38,4,cooperate
Generation: 7
19,4,cooperate
13,4,cooperate
Generation: 7
21,4,cooperate
12,4,cooperate
Generation: 7
48,4,cooperate
45,4,cooperate
Generation: 7
43,4,defect
39,4,defect
Generation: 7
32,4,defect
46,4,defect
Generation: 7
11,4,cooperate
2,4,cooperate
Generation: 7
37,4,cooperate
31,4,cooperate
Generation: 7
25,4,cooperate
33,4,cooperate
Generation: 7
47,4,cooperate
5,4,cooperate
Generation: 7
1,4,cooperate
15,4,cooperate
Generation: 7
17,4,cooperate
44,4,cooperate
Generation: 7
29,4,defect
28,4,defect
Generation: 7
16,4,cooperate
6,4,cooperate
Generation: 7
0,4,cooperate
35,4,cooperate
Generation: 7
27,4,cooperate
8,4,cooperate
Generation: 7
9,4,cooperate
24,4,cooperate
Generation: 7
42,4,cooperate
49,4,cooperate
Generation: 7
40,4,defect
36,4,defect
Generation: 7
23,4,cooperate
7,4,cooperate
Generation: 7
4,4,cooperate
18,4,cooperate
Generation: 8
5,4,cooperate
27,4,cooperate
Generation: 8
33,4,cooperate
40,4,defect
Generation: 8
14,4,defect
24,4,defect
Generation: 8
19,4,defect
3,4,defect
Generation: 8
32,4,defect
46,4,defect
Generation: 8
2,4,defect
34,4,defect
Generation: 8
23,4,cooperate
20,4,cooperate
Generation: 8
26,4,cooperate
15,4,cooperate
Generation: 8
22,4,cooperate
25,4,cooperate
Generation: 8
44,4,cooperate
18,4,cooperate
Generation: 8
36,4,cooperate
47,4,cooperate
Generation: 8
6,4,cooperate
8,4,cooperate
Generation: 8
49,4,cooperate
38,4,cooperate
Generation: 8
45,4,cooperate
35,4,cooperate
Generation: 8
9,4,cooperate
12,4,cooperate
Generation: 8
16,4,cooperate
1,4,cooperate
Generation: 8
48,4,cooperate
21,4,cooperate
Generation: 8
31,4,cooperate
13,4,cooperate
Generation: 8
41,4,cooperate
29,4,defect
Generation: 8
7,4,defect
28,4,defect
Generation: 8
0,4,defect
17,4,cooperate
Generation: 8
39,4,defect
37,4,defect
Generation: 8
10,4,defect
42,4,defect
Generation: 8
11,4,cooperate
30,4,defect
Generation: 8
43,4,defect
4,4,defect
Generation: 9
37,4,defect
20,4,cooperate
Generation: 9
34,4,cooperate
11,4,cooperate
Generation: 9
39,4,defect
3,4,defect
Generation: 9
8,4,defect
35,4,cooperate
Generation: 9
13,4,cooperate
12,4,cooperate
Generation: 9
45,4,cooperate
38,4,cooperate
Generation: 9
19,4,cooperate
33,4,cooperate
Generation: 9
28,4,cooperate
2,4,cooperate
Generation: 9
29,4,defect
32,4,defect
Generation: 9
47,4,defect
36,4,defect
Generation: 9
41,4,defect
5,4,cooperate
Generation: 9
44,4,cooperate
4,4,cooperate
Generation: 9
22,4,cooperate
9,4,cooperate
Generation: 9
27,4,cooperate
42,4,defect
Generation: 9
30,4,defect
1,4,defect
Generation: 9
7,4,defect
31,4,defect
Generation: 9
21,4,defect
18,4,defect
Generation: 9
16,4,cooperate
6,4,cooperate
Generation: 9
26,4,cooperate
40,4,defect
Generation: 9
43,4,defect
15,4,defect
Generation: 9
46,4,defect
48,4,cooperate
Generation: 9
25,4,cooperate
23,4,cooperate
Generation: 9
17,4,cooperate
49,4,cooperate
Generation: 9
14,4,cooperate
24,4,defect
Generation: 9
0,4,defect
10,4,defect
Generation: 10
8,4,defect
40,4,defect
Generation: 10
3,4,defect
28,4,defect
Generation: 10
23,4,cooperate
12,4,cooperate
Generation: 10
26,4,cooperate
24,4,defect
Generation: 10
7,4,defect
4,4,defect
Generation: 10
33,4,defect
44,4,defect
Generation: 10
14,4,defect
41,4,defect
Generation: 10
25,4,defect
37,4,defect
Generation: 10
2,4,defect
19,4,defect
Generation: 10
17,4,cooperate
5,4,cooperate
Generation: 10
47,4,cooperate
42,4,defect
Generation: 10
39,4,defect
22,4,defect
Generation: 10
9,4,defect
30,4,defect
Generation: 10
49,4,defect
35,4,cooperate
Generation: 10
20,4,cooperate
27,4,cooperate
Generation: 10
45,4,cooperate
1,4,cooperate
Generation: 10
38,4,cooperate
21,4,cooperate
Generation: 10
0,4,cooperate
48,4,cooperate
Generation: 10
29,4,defect
43,4,defect
Generation: 10
13,4,defect
46,4,defect
Generation: 10
18,4,defect
32,4,defect
Generation: 10
11,4,cooperate
31,4,cooperate
Generation: 10
16,4,cooperate
15,4,cooperate
Generation: 10
10,4,defect
6,4,defect
Generation: 10
36,4,defect
34,4,defect
Generation: 11
32,4,defect
25,4,defect
Generation: 11
0,4,defect
41,4,defect
Generation: 11
2,4,defect
46,4,defect
Generation: 11
22,4,defect
33,4,defect
Generation: 11
27,4,defect
28,4,defect
Generation: 11
4,4,defect
49,4,defect
Generation: 11
39,4,defect
11,4,cooperate
Generation: 11
1,4,cooperate
38,4,cooperate
Generation: 11
37,4,cooperate
44,4,cooperate
Generation: 11
5,4,cooperate
40,4,defect
Generation: 11
35,4,cooperate
36,4,cooperate
Generation: 11
30,4,defect
20,4,cooperate
Generation: 11
9,4,cooperate
13,4,cooperate
Generation: 11
18,4,cooperate
3,4,cooperate
Generation: 11
34,4,cooperate
47,4,cooperate
Generation: 11
19,4,cooperate
10,4,defect
Generation: 11
45,4,defect
12,4,defect
Generation: 11
6,4,defect
7,4,defect
Generation: 11
15,4,defect
31,4,defect
Generation: 11
8,4,defect
23,4,cooperate
Generation: 11
16,4,cooperate
17,4,cooperate
Generation: 11
42,4,defect
14,4,defect
Generation: 11
24,4,defect
48,4,cooperate
Generation: 11
43,4,defect
21,4,defect
Generation: 11
26,4,defect
29,4,defect
Generation: 12
20,4,cooperate
30,4,defect
Generation: 12
24,4,defect
21,4,defect
Generation: 12
8,4,defect
32,4,defect
Generation: 12
39,4,defect
49,4,defect
Generation: 12
48,4,cooperate
12,4,cooperate
Generation: 12
10,4,defect
19,4,defect
Generation: 12
15,4,defect
0,4,defect
Generation: 12
38,4,defect
11,4,cooperate
Generation: 12
37,4,cooperate
16,4,cooperate
Generation: 12
40,4,defect
23,4,cooperate
Generation: 12
25,4,cooperate
27,4,cooperate
Generation: 12
34,4,cooperate
47,4,cooperate
Generation: 12
9,4,cooperate
45,4,cooperate
Generation: 12
31,4,cooperate
4,4,cooperate
Generation: 12
18,4,cooperate
44,4,cooperate
Generation: 12
28,4,cooperate
6,4,cooperate
Generation: 12
46,4,cooperate
1,4,cooperate
Generation: 12
17,4,cooperate
41,4,cooperate
Generation: 12
5,4,cooperate
43,4,defect
Generation: 12
22,4,defect
3,4,defect
Generation: 12
42,4,defect
29,4,defect
Generation: 12
13,4,defect
33,4,defect
Generation: 12
35,4,cooperate
26,4,cooperate
Generation: 12
36,4,cooperate
2,4,cooperate
Generation: 12
14,4,cooperate
7,4,cooperate
Generation: 13
6,4,cooperate
0,4,cooperate
Generation: 13
20,4,cooperate
5,4,cooperate
Generation: 13
17,4,cooperate
48,4,cooperate
Generation: 13
16,4,cooperate
10,4,defect
Generation: 13
22,4,defect
21,4,defect
Generation: 13
4,4,defect
43,4,defect
Generation: 13
42,4,defect
12,4,defect
Generation: 13
34,4,defect
45,4,defect
Generation: 13
3,4,defect
49,4,defect
Generation: 13
37,4,defect
13,4,defect
Generation: 13
27,4,defect
28,4,defect
Generation: 13
14,4,defect
41,4,defect
Generation: 13
1,4,defect
38,4,defect
Generation: 13
11,4,cooperate
46,4,cooperate
Generation: 13
9,4,cooperate
30,4,defect
Generation: 13
24,4,defect
25,4,defect
Generation: 13
35,4,cooperate
32,4,cooperate
Generation: 13
7,4,cooperate
40,4,defect
Generation: 13
18,4,defect
31,4,defect
Generation: 13
23,4,cooperate
33,4,cooperate
Generation: 13
26,4,cooperate
47,4,cooperate
Generation: 13
19,4,cooperate
2,4,cooperate
Generation: 13
39,4,defect
29,4,defect
Generation: 13
15,4,defect
8,4,defect
Generation: 13
44,4,defect
36,4,defect
Generation: 14
45,4,defect
29,4,defect
Generation: 14
6,4,defect
37,4,defect
Generation: 14
7,4,defect
23,4,cooperate
Generation: 14
32,4,cooperate
26,4,cooperate
Generation: 14
28,4,cooperate
46,4,cooperate
Generation: 14
0,4,cooperate
39,4,defect
Generation: 14
27,4,defect
13,4,defect
Generation: 14
30,4,defect
33,4,defect
Generation: 14
25,4,defect
20,4,cooperate
Generation: 14
40,4,defect
21,4,defect
Generation: 14
31,4,defect
9,4,defect
Generation: 14
4,4,defect
15,4,defect
Generation: 14
24,4,defect
35,4,cooperate
Generation: 14
34,4,cooperate
8,4,cooperate
Generation: 14
41,4,cooperate
48,4,cooperate
Generation: 14
44,4,cooperate
18,4,cooperate
Generation: 14
1,4,cooperate
49,4,cooperate
Generation: 14
11,4,cooperate
38,4,cooperate
Generation: 14
2,4,cooperate
5,4,cooperate
Generation: 14
10,4,defect
17,4,cooperate
Generation: 14
43,4,defect
22,4,defect
Generation: 14
42,4,defect
14,4,defect
Generation: 14
12,4,defect
16,4,cooperate
Generation: 14
3,4,cooperate
19,4,cooperate
Generation: 14
36,4,cooperate
47,4,cooperate
Generation: 15
9,4,cooperate
2,4,cooperate
Generation: 15
17,4,cooperate
44,4,cooperate
Generation: 15
7,4,cooperate
24,4,defect
Generation: 15
3,4,defect
25,4,defect
Generation: 15
8,4,defect
33,4,defect
Generation: 15
23,4,cooperate
29,4,defect
Generation: 15
26,4,defect
38,4,defect
Generation: 15
16,4,cooperate
39,4,defect
Generation: 15
4,4,defect
0,4,defect
Generation: 15
12,4,defect
15,4,defect
Generation: 15
41,4,defect
40,4,defect
Generation: 15
10,4,defect
37,4,defect
Generation: 15
34,4,defect
31,4,defect
Generation: 15
32,4,defect
43,4,defect
Generation: 15
21,4,defect
49,4,defect
Generation: 15
45,4,defect
28,4,defect
Generation: 15
48,4,cooperate
42,4,defect
Generation: 15
18,4,defect
11,4,cooperate
Generation: 15
19,4,cooperate
1,4,cooperate
Generation: 15
13,4,cooperate
47,4,cooperate
Generation: 15
36,4,cooperate
5,4,cooperate
Generation: 15
22,4,cooperate
35,4,cooperate
Generation: 15
27,4,cooperate
14,4,cooperate
Generation: 15
46,4,cooperate
30,4,defect
Generation: 15
20,4,cooperate
6,4,cooperate
Generation: 16
33,4,cooperate
42,4,defect
Generation: 16
25,4,defect
32,4,defect
Generation: 16
40,4,defect
15,4,defect
Generation: 16
31,4,defect
27,4,defect
Generation: 16
6,4,defect
29,4,defect
Generation: 16
34,4,defect
45,4,defect
Generation: 16
28,4,defect
13,4,defect
Generation: 16
43,4,defect
41,4,defect
Generation: 16
30,4,defect
22,4,defect
Generation: 16
9,4,defect
8,4,defect
Generation: 16
12,4,defect
11,4,cooperate
Generation: 16
4,4,cooperate
21,4,cooperate
Generation: 16
35,4,cooperate
39,4,defect
Generation: 16
24,4,defect
36,4,defect
Generation: 16
38,4,defect
49,4,defect
Generation: 16
20,4,cooperate
44,4,cooperate
Generation: 16
16,4,cooperate
14,4,cooperate
Generation: 16
26,4,cooperate
2,4,cooperate
Generation: 16
5,4,cooperate
18,4,cooperate
Generation: 16
48,4,cooperate
37,4,cooperate
Generation: 16
3,4,cooperate
0,4,cooperate
Generation: 16
7,4,cooperate
19,4,cooperate
Generation: 16
1,4,cooperate
10,4,defect
Generation: 16
46,4,defect
17,4,cooperate
Generation: 16
47,4,cooperate
23,4,cooperate
Generation: 17
34,4,cooperate
24,4,defect
Generation: 17
21,4,defect
16,4,cooperate
Generation: 17
44,4,cooperate
17,4,cooperate
Generation: 17
45,4,cooperate
31,4,cooperate
Generation: 17
42,4,defect
23,4,cooperate
Generation: 17
26,4,cooperate
5,4,cooperate
Generation: 17
2,4,cooperate
12,4,cooperate
Generation: 17
29,4,defect
0,4,defect
Generation: 17
14,4,defect
43,4,defect
Generation: 17
27,4,defect
18,4,defect
Generation: 17
15,4,defect
25,4,defect
Generation: 17
11,4,cooperate
4,4,cooperate
Generation: 17
48,4,cooperate
28,4,cooperate
Generation: 17
3,4,cooperate
33,4,cooperate
Generation: 17
9,4,cooperate
20,4,cooperate
Generation: 17
7,4,cooperate
47,4,cooperate
Generation: 17
32,4,cooperate
37,4,cooperate
Generation: 17
19,4,cooperate
30,4,defect
Generation: 17
22,4,defect
36,4,defect
Generation: 17
13,4,defect
40,4,defect
Generation: 17
49,4,defect
6,4,defect
Generation: 17
38,4,defect
35,4,cooperate
Generation: 17
39,4,defect
1,4,defect
Generation: 17
8,4,defect
41,4,defect
Generation: 17
46,4,defect
10,4,defect
Generation: 18
36,4,defect
46,4,defect
Generation: 18
33,4,defect
26,4,defect
Generation: 18
9,4,defect
30,4,defect
Generation: 18
48,4,cooperate
1,4,cooperate
Generation: 18
34,4,cooperate
13,4,cooperate
Generation: 18
10,4,defect
42,4,defect
Generation: 18
44,4,defect
18,4,defect
Generation: 18
35,4,cooperate
3,4,cooperate
Generation: 18
32,4,cooperate
17,4,cooperate
Generation: 18
39,4,defect
25,4,defect
Generation: 18
43,4,defect
28,4,defect
Generation: 18
7,4,defect
19,4,defect
Generation: 18
12,4,defect
47,4,defect
Generation: 18
40,4,defect
20,4,cooperate
Generation: 18
37,4,cooperate
45,4,cooperate
Generation: 18
2,4,cooperate
15,4,cooperate
Generation: 18
5,4,cooperate
41,4,cooperate
Generation: 18
4,4,cooperate
6,4,cooperate
Generation: 18
38,4,cooperate
22,4,cooperate
Generation: 18
23,4,cooperate
11,4,cooperate
Generation: 18
0,4,cooperate
8,4,cooperate
Generation: 18
24,4,defect
49,4,defect
Generation: 18
29,4,defect
14,4,defect
Generation: 18
31,4,defect
21,4,defect
Generation: 18
27,4,defect
16,4,cooperate
Generation: 19
1,4,cooperate
3,4,cooperate
Generation: 19
6,4,cooperate
15,4,cooperate
Generation: 19
29,4,defect
17,4,cooperate
Generation: 19
24,4,defect
46,4,defect
Generation: 19
21,4,defect
31,4,defect
Generation: 19
23,4,cooperate
33,4,cooperate
Generation: 19
43,4,defect
14,4,defect
Generation: 19
49,4,defect
19,4,defect
Generation: 19
37,4,defect
5,4,cooperate
Generation: 19
12,4,cooperate
32,4,cooperate
Generation: 19
40,4,defect
45,4,defect
Generation: 19
42,4,defect
39,4,defect
Generation: 19
11,4,cooperate
28,4,cooperate
Generation: 19
25,4,cooperate
36,4,cooperate
Generation: 19
9,4,cooperate
8,4,cooperate
Generation: 19
18,4,cooperate
44,4,cooperate
Generation: 19
2,4,cooperate
13,4,cooperate
Generation: 19
27,4,cooperate
26,4,cooperate
Generation: 19
0,4,cooperate
34,4,cooperate
Generation: 19
38,4,cooperate
16,4,cooperate
Generation: 19
47,4,cooperate
4,4,cooperate
Generation: 19
7,4,cooperate
30,4,defect
Generation: 19
10,4,defect
41,4,defect
Generation: 19
22,4,defect
35,4,cooperate
Generation: 19
20,4,cooperate
48,4,cooperate
Generation: 20
47,4,cooperate
41,4,cooperate
Generation: 20
20,4,cooperate
14,4,cooperate
Generation: 20
19,4,cooperate
1,4,cooperate
Generation: 20
9,4,cooperate
3,4,cooperate
Generation: 20
36,4,cooperate
40,4,defect
Generation: 20
38,4,defect
24,4,defect
Generation: 20
39,4,defect
23,4,cooperate
Generation: 20
31,4,cooperate
5,4,cooperate
Generation: 20
27,4,cooperate
17,4,cooperate
Generation: 20
34,4,cooperate
45,4,cooperate
Generation: 20
28,4,cooperate
18,4,cooperate
Generation: 20
49,4,cooperate
44,4,cooperate
Generation: 20
12,4,cooperate
43,4,defect
Generation: 20
46,4,defect
35,4,cooperate
Generation: 20
22,4,cooperate
29,4,defect
Generation: 20
15,4,defect
7,4,defect
Generation: 20
4,4,defect
2,4,defect
Generation: 20
25,4,defect
10,4,defect
Generation: 20
30,4,defect
26,4,defect
Generation: 20
6,4,defect
48,4,cooperate
Generation: 20
11,4,cooperate
13,4,cooperate
Generation: 20
33,4,cooperate
0,4,cooperate
Generation: 20
42,4,defect
32,4,defect
Generation: 20
37,4,defect
21,4,defect
Generation: 20
8,4,defect
16,4,cooperate
Generation: 21
34,4,cooperate
8,4,cooperate
Generation: 21
17,4,cooperate
31,4,cooperate
Generation: 21
4,4,cooperate
32,4,cooperate
Generation: 21
44,4,cooperate
42,4,defect
Generation: 21
28,4,defect
37,4,defect
Generation: 21
27,4,defect
21,4,defect
Generation: 21
10,4,defect
19,4,defect
Generation: 21
46,4,defect
3,4,defect
Generation: 21
1,4,defect
41,4,defect
Generation: 21
18,4,defect
40,4,defect
Generation: 21
5,4,cooperate
29,4,defect
Generation: 21
49,4,defect
11,4,cooperate
Generation: 21
33,4,cooperate
45,4,cooperate
Generation: 21
39,4,defect
30,4,defect
Generation: 21
20,4,cooperate
14,4,cooperate
Generation: 21
6,4,cooperate
22,4,cooperate
Generation: 21
35,4,cooperate
36,4,cooperate
Generation: 21
26,4,cooperate
25,4,cooperate
Generation: 21
47,4,cooperate
0,4,cooperate
Generation: 21
38,4,cooperate
43,4,defect
Generation: 21
7,4,defect
24,4,defect
Generation: 21
12,4,defect
2,4,defect
Generation: 21
23,4,cooperate
9,4,cooperate
Generation: 21
16,4,cooperate
48,4,cooperate
Generation: 21
15,4,cooperate
13,4,cooperate
Generation: 22
31,4,cooperate
46,4,cooperate
Generation: 22
2,4,cooperate
34,4,cooperate
Generation: 22
38,4,cooperate
28,4,cooperate
Generation: 22
22,4,cooperate
33,4,cooperate
Generation: 22
5,4,cooperate
29,4,defect
Generation: 22
10,4,defect
12,4,defect
Generation: 22
49,4,defect
47,4,defect
Generation: 22
39,4,defect
17,4,cooperate
Generation: 22
19,4,cooperate
37,4,cooperate
Generation: 22
36,4,cooperate
6,4,cooperate
Generation: 22
3,4,cooperate
18,4,cooperate
Generation: 22
40,4,defect
35,4,cooperate
Generation: 22
4,4,cooperate
11,4,cooperate
Generation: 22
41,4,cooperate
30,4,defect
Generation: 22
0,4,defect
32,4,defect
Generation: 22
23,4,cooperate
15,4,cooperate
Generation: 22
9,4,cooperate
16,4,cooperate
Generation: 22
42,4,defect
8,4,defect
Generation: 22
20,4,cooperate
27,4,cooperate
Generation: 22
24,4,defect
1,4,defect
Generation: 22
48,4,cooperate
44,4,cooperate
Generation: 22
7,4,cooperate
26,4,cooperate
Generation: 22
43,4,defect
13,4,defect
Generation: 22
14,4,defect
25,4,defect
Generation: 22
45,4,defect
21,4,defect
Generation: 23
42,4,defect
11,4,cooperate
Generation: 23
2,4,cooperate
6,4,cooperate
Generation: 23
5,4,cooperate
18,4,cooperate
Generation: 23
1,4,cooperate
48,4,cooperate
Generation: 23
9,4,cooperate
36,4,cooperate
Generation: 23
43,4,defect
41,4,defect
Generation: 23
4,4,defect
20,4,cooperate
Generation: 23
40,4,defect
10,4,defect
Generation: 23
26,4,defect
19,4,defect
Generation: 23
30,4,defect
35,4,cooperate
Generation: 23
13,4,cooperate
8,4,cooperate
Generation: 23
34,4,cooperate
22,4,cooperate
Generation: 23
24,4,defect
32,4,defect
Generation: 23
12,4,defect
0,4,defect
Generation: 23
45,4,defect
44,4,defect
Generation: 23
31,4,defect
15,4,defect
Generation: 23
46,4,defect
38,4,defect
Generation: 23
25,4,defect
17,4,cooperate
Generation: 23
16,4,cooperate
7,4,cooperate
Generation: 23
21,4,cooperate
29,4,defect
Generation: 23
27,4,defect
3,4,defect
Generation: 23
23,4,cooperate
47,4,cooperate
Generation: 23
33,4,cooperate
39,4,defect
Generation: 23
37,4,defect
49,4,defect
Generation: 23
14,4,defect
28,4,defect
Generation: 24
40,4,defect
4,4,defect
Generation: 24
9,4,defect
33,4,defect
Generation: 24
24,4,defect
34,4,defect
Generation: 24
27,4,defect
23,4,cooperate
Generation: 24
25,4,cooperate
7,4,cooperate
Generation: 24
46,4,cooperate
6,4,cooperate
Generation: 24
45,4,cooperate
11,4,cooperate
Generation: 24
19,4,cooperate
21,4,cooperate
Generation: 24
28,4,cooperate
12,4,cooperate
Generation: 24
1,4,cooperate
39,4,defect
Generation: 24
5,4,cooperate
42,4,defect
Generation: 24
29,4,defect
26,4,defect
Generation: 24
37,4,defect
2,4,defect
Generation: 24
41,4,defect
16,4,cooperate
Generation: 24
10,4,defect
38,4,defect
Generation: 24
32,4,defect
14,4,defect
Generation: 24
30,4,defect
8,4,defect
Generation: 24
20,4,cooperate
17,4,cooperate
Generation: 24
18,4,cooperate
35,4,cooperate
Generation: 24
13,4,cooperate
22,4,cooperate
Generation: 24
49,4,cooperate
31,4,cooperate
Generation: 24
43,4,defect
47,4,defect
Generation: 24
44,4,defect
36,4,defect
Generation: 24
0,4,defect
48,4,cooperate
Generation: 24
3,4,cooperate
15,4,cooperate
Generation: 25
14,4,cooperate
0,4,cooperate
Generation: 25
6,4,cooperate
5,4,cooperate
Generation: 25
40,4,defect
12,4,defect
Generation: 25
36,4,defect
35,4,cooperate
Generation: 25
24,4,defect
8,4,defect
Generation: 25
32,4,defect
9,4,defect
Generation: 25
20,4,cooperate
4,4,cooperate
Generation: 25
23,4,cooperate
13,4,cooperate
Generation: 25
39,4,defect
37,4,defect
Generation: 25
33,4,defect
47,4,defect
Generation: 25
26,4,defect
10,4,defect
Generation: 25
30,4,defect
42,4,defect
Generation: 25
25,4,defect
38,4,defect
Generation: 25
18,4,defect
15,4,defect
Generation: 25
34,4,defect
11,4,cooperate
Generation: 25
29,4,defect
43,4,defect
Generation: 25
49,4,defect
41,4,defect
Generation: 25
48,4,cooperate
45,4,cooperate
Generation: 25
46,4,cooperate
1,4,cooperate
Generation: 25
31,4,cooperate
17,4,cooperate
Generation: 25
21,4,cooperate
28,4,cooperate
Generation: 25
44,4,cooperate
7,4,cooperate
Generation: 25
27,4,cooperate
22,4,cooperate
Generation: 25
2,4,cooperate
16,4,cooperate
Generation: 25
19,4,cooperate
3,4,cooperate
Generation: 26
40,4,defect
2,4,defect
Generation: 26
34,4,defect
27,4,defect
Generation: 26
24,4,defect
10,4,defect
Generation: 26
35,4,cooperate
41,4,cooperate
Generation: 26
7,4,cooperate
9,4,cooperate
Generation: 26
22,4,cooperate
45,4,cooperate
Generation: 26
42,4,defect
18,4,defect
Generation: 26
6,4,defect
49,4,defect
Generation: 26
20,4,cooperate
16,4,cooperate
Generation: 26
23,4,cooperate
17,4,cooperate
Generation: 26
36,4,cooperate
26,4,cooperate
Generation: 26
15,4,cooperate
8,4,cooperate
Generation: 26
44,4,cooperate
39,4,defect
Generation: 26
31,4,defect
33,4,defect
Generation: 26
19,4,defect
12,4,defect
Generation: 26
5,4,cooperate
43,4,defect
Generation: 26
25,4,defect
4,4,defect
Generation: 26
46,4,defect
29,4,defect
Generation: 26
47,4,defect
21,4,defect
Generation: 26
14,4,defect
0,4,defect
Generation: 26
37,4,defect
48,4,cooperate
Generation: 26
38,4,cooperate
1,4,cooperate
Generation: 26
13,4,cooperate
32,4,cooperate
Generation: 26
11,4,cooperate
3,4,cooperate
Generation: 26
30,4,defect
28,4,defect
Generation: 27
33,4,defect
39,4,defect
Generation: 27
5,4,cooperate
14,4,cooperate
Generation: 27
42,4,defect
22,4,defect
Generation: 27
38,4,defect
48,4,cooperate
Generation: 27
1,4,cooperate
29,4,defect
Generation: 27
45,4,defect
47,4,defect
Generation: 27
31,4,defect
15,4,defect
Generation: 27
26,4,defect
40,4,defect
Generation: 27
8,4,defect
20,4,cooperate
Generation: 27
6,4,cooperate
13,4,cooperate
Generation: 27
4,4,cooperate
17,4,cooperate
Generation: 27
49,4,cooperate
41,4,cooperate
Generation: 27
24,4,defect
46,4,defect
Generation: 27
32,4,defect
44,4,defect
Generation: 27
2,4,defect
30,4,defect
Generation: 27
10,4,defect
0,4,defect
Generation: 27
35,4,cooperate
21,4,cooperate
Generation: 27
36,4,cooperate
12,4,cooperate
Generation: 27
27,4,cooperate
25,4,cooperate
Generation: 27
28,4,cooperate
9,4,cooperate
Generation: 27
7,4,cooperate
43,4,defect
Generation: 27
34,4,defect
37,4,defect
Generation: 27
23,4,cooperate
18,4,cooperate
Generation: 27
16,4,cooperate
3,4,cooperate
Generation: 27
11,4,cooperate
19,4,cooperate
Generation: 28
7,4,cooperate
10,4,defect
Generation: 28
45,4,defect
30,4,defect
Generation: 28
24,4,defect
13,4,defect
Generation: 28
22,4,defect
15,4,defect
Generation: 28
29,4,defect
14,4,defect
Generation: 28
2,4,defect
26,4,defect
Generation: 28
42,4,defect
49,4,defect
Generation: 28
37,4,defect
5,4,cooperate
Generation: 28
47,4,cooperate
20,4,cooperate
Generation: 28
27,4,cooperate
1,4,cooperate
Generation: 28
12,4,cooperate
3,4,cooperate
Generation: 28
16,4,cooperate
34,4,cooperate
Generation: 28
32,4,cooperate
39,4,defect
Generation: 28
40,4,defect
35,4,cooperate
Generation: 28
46,4,cooperate
21,4,cooperate
Generation: 28
25,4,cooperate
19,4,cooperate
Generation: 28
18,4,cooperate
41,4,cooperate
Generation: 28
9,4,cooperate
6,4,cooperate
Generation: 28
4,4,cooperate
17,4,cooperate
Generation: 28
43,4,defect
28,4,defect
Generation: 28
0,4,defect
44,4,defect
Generation: 28
36,4,defect
31,4,defect
Generation: 28
23,4,cooperate
33,4,cooperate
Generation: 28
11,4,cooperate
38,4,cooperate
Generation: 28
8,4,cooperate
48,4,cooperate
Generation: 29
19,4,cooperate
5,4,cooperate
Generation: 29
39,4,defect
13,4,defect
Generation: 29
27,4,defect
45,4,defect
Generation: 29
36,4,defect
8,4,defect
Generation: 29
11,4,cooperate
49,4,cooperate
Generation: 29
18,4,cooperate
35,4,cooperate
Generation: 29
46,4,cooperate
17,4,cooperate
Generation: 29
1,4,cooperate
14,4,cooperate
Generation: 29
30,4,defect
7,4,defect
Generation: 29
16,4,cooperate
47,4,cooperate
Generation: 29
28,4,cooperate
15,4,cooperate
Generation: 29
6,4,cooperate
40,4,defect
Generation: 29
4,4,defect
21,4,defect
Generation: 29
24,4,defect
9,4,defect
Generation: 29
44,4,defect
0,4,defect
Generation: 29
33,4,defect
3,4,defect
Generation: 29
12,4,defect
20,4,cooperate
Generation: 29
29,4,defect
23,4,cooperate
Generation: 29
26,4,cooperate
31,4,cooperate
Generation: 29
2,4,cooperate
22,4,cooperate
Generation: 29
38,4,cooperate
42,4,defect
Generation: 29
48,4,cooperate
41,4,cooperate
Generation: 29
25,4,cooperate
43,4,defect
Generation: 29
34,4,defect
10,4,defect
Generation: 29
32,4,defect
37,4,defect
Generation: 30
7,4,defect
22,4,defect
Generation: 30
34,4,defect
43,4,defect
Generation: 30
4,4,defect
8,4,defect
Generation: 30
38,4,defect
25,4,defect
Generation: 30
17,4,cooperate
23,4,cooperate
Generation: 30
28,4,cooperate
2,4,cooperate
Generation: 30
37,4,cooperate
13,4,cooperate
Generation: 30
11,4,cooperate
39,4,defect
Generation: 30
31,4,defect
33,4,defect
Generation: 30
21,4,defect
0,4,defect
Generation: 30
6,4,defect
30,4,defect
Generation: 30
16,4,cooperate
9,4,cooperate
Generation: 30
26,4,cooperate
5,4,cooperate
Generation: 30
47,4,cooperate
40,4,defect
Generation: 30
32,4,defect
45,4,defect
Generation: 30
49,4,defect
46,4,defect
Generation: 30
27,4,defect
42,4,defect
Generation: 30
15,4,defect
29,4,defect
Generation: 30
10,4,defect
20,4,cooperate
Generation: 30
41,4,cooperate
1,4,cooperate
Generation: 30
36,4,cooperate
19,4,cooperate
Generation: 30
24,4,defect
14,4,defect
Generation: 30
35,4,cooperate
44,4,cooperate
Generation: 30
12,4,cooperate
48,4,cooperate
Generation: 30
3,4,cooperate
18,4,cooperate
Generation: 31
19,4,cooperate
2,4,cooperate
Generation: 31
35,4,cooperate
48,4,cooperate
Generation: 31
3,4,cooperate
15,4,cooperate
Generation: 31
26,4,cooperate
37,4,cooperate
Generation: 31
23,4,cooperate
40,4,defect
Generation: 31
14,4,defect
10,4,defect
Generation: 31
29,4,defect
33,4,defect
Generation: 31
46,4,defect
31,4,defect
Generation: 31
7,4,defect
41,4,defect
Generation: 31
38,4,defect
20,4,cooperate
Generation: 31
1,4,cooperate
8,4,cooperate
Generation: 31
28,4,cooperate
25,4,cooperate
Generation: 31
12,4,cooperate
16,4,cooperate
Generation: 31
30,4,defect
17,4,cooperate
Generation: 31
47,4,cooperate
5,4,cooperate
Generation: 31
21,4,cooperate
22,4,cooperate
Generation: 31
42,4,defect
32,4,defect
Generation: 31
24,4,defect
6,4,defect
Generation: 31
4,4,defect
0,4,defect
Generation: 31
13,4,defect
44,4,defect
Generation: 31
36,4,defect
11,4,cooperate
Generation: 31
49,4,cooperate
43,4,defect
Generation: 31
18,4,defect
34,4,defect
Generation: 31
27,4,defect
9,4,defect
Generation: 31
39,4,defect
45,4,defect
Generation: 32
39,4,defect
32,4,defect
Generation: 32
33,4,defect
13,4,defect
Generation: 32
4,4,defect
48,4,cooperate
Generation: 32
36,4,cooperate
11,4,cooperate
Generation: 32
37,4,cooperate
34,4,cooperate
Generation: 32
28,4,cooperate
29,4,defect
Generation: 32
8,4,defect
18,4,defect
Generation: 32
26,4,defect
46,4,defect
Generation: 32
17,4,cooperate
19,4,cooperate
Generation: 32
41,4,cooperate
1,4,cooperate
Generation: 32
30,4,defect
24,4,defect
Generation: 32
40,4,defect
12,4,defect
Generation: 32
31,4,defect
38,4,defect
Generation: 32
5,4,cooperate
25,4,cooperate
Generation: 32
3,4,cooperate
6,4,cooperate
Generation: 32
16,4,cooperate
27,4,cooperate
Generation: 32
44,4,cooperate
45,4,cooperate
Generation: 32
35,4,cooperate
22,4,cooperate
Generation: 32
14,4,cooperate
15,4,cooperate
Generation: 32
9,4,cooperate
23,4,cooperate
Generation: 32
49,4,cooperate
2,4,cooperate
Generation: 32
42,4,defect
47,4,defect
Generation: 32
7,4,defect
20,4,cooperate
Generation: 32
10,4,defect
0,4,defect
Generation: 32
43,4,defect
21,4,defect
Generation: 33
42,4,defect
20,4,cooperate
Generation: 33
3,4,cooperate
21,4,cooperate
Generation: 33
17,4,cooperate
44,4,cooperate
Generation: 33
32,4,cooperate
37,4,cooperate
Generation: 33
0,4,cooperate
10,4,defect
Generation: 33
1,4,defect
46,4,defect
Generation: 33
25,4,defect
2,4,defect
Generation: 33
36,4,defect
39,4,defect
Generation: 33
22,4,defect
18,4,defect
Generation: 33
40,4,defect
24,4,defect
Generation: 33
7,4,defect
41,4,defect
Generation: 33
27,4,defect
45,4,defect
Generation: 33
11,4,cooperate
47,4,cooperate
Generation: 33
31,4,cooperate
35,4,cooperate
Generation: 33
34,4,cooperate
29,4,defect
Generation: 33
4,4,defect
43,4,defect
Generation: 33
8,4,defect
48,4,cooperate
Generation: 33
26,4,cooperate
15,4,cooperate
Generation: 33
49,4,cooperate
14,4,cooperate
Generation: 33
13,4,cooperate
33,4,cooperate
Generation: 33
9,4,cooperate
5,4,cooperate
Generation: 33
6,4,cooperate
19,4,cooperate
Generation: 33
30,4,defect
16,4,cooperate
Generation: 33
28,4,cooperate
12,4,cooperate
Generation: 33
38,4,cooperate
23,4,cooperate
Generation: 34
31,4,cooperate
6,4,cooperate
Generation: 34
37,4,cooperate
40,4,defect
Generation: 34
19,4,defect
0,4,defect
Generation: 34
27,4,defect
30,4,defect
Generation: 34
38,4,defect
5,4,cooperate
Generation: 34
4,4,cooperate
24,4,defect
Generation: 34
2,4,defect
48,4,cooperate
Generation: 34
8,4,cooperate
43,4,defect
Generation: 34
20,4,cooperate
32,4,cooperate
Generation: 34
29,4,defect
7,4,defect
Generation: 34
34,4,defect
15,4,defect
Generation: 34
49,4,defect
17,4,cooperate
Generation: 34
25,4,cooperate
1,4,cooperate
Generation: 34
28,4,cooperate
9,4,cooperate
Generation: 34
23,4,cooperate
3,4,cooperate
Generation: 34
36,4,cooperate
26,4,cooperate
Generation: 34
35,4,cooperate
10,4,defect
Generation: 34
11,4,cooperate
42,4,defect
Generation: 34
33,4,defect
41,4,defect
Generation: 34
18,4,defect
12,4,defect
Generation: 34
39,4,defect
47,4,defect
Generation: 34
44,4,defect
45,4,defect
Generation: 34
21,4,defect
46,4,defect
Generation: 34
22,4,defect
16,4,cooperate
Generation: 34
14,4,cooperate
13,4,cooperate
Generation: 35
12,4,cooperate
10,4,defect
Generation: 35
42,4,defect
28,4,defect
Generation: 35
0,4,defect
36,4,defect
Generation: 35
4,4,defect
2,4,defect
Generation: 35
32,4,defect
43,4,defect
Generation: 35
46,4,defect
45,4,defect
Generation: 35
21,4,defect
18,4,defect
Generation: 35
7,4,defect
19,4,defect
Generation: 35
31,4,defect
26,4,defect
Generation: 35
1,4,defect
14,4,defect
Generation: 35
13,4,defect
17,4,cooperate
Generation: 35
39,4,defect
11,4,cooperate
Generation: 35
38,4,cooperate
47,4,cooperate
Generation: 35
24,4,defect
48,4,cooperate
Generation: 35
25,4,cooperate
41,4,cooperate
Generation: 35
27,4,cooperate
44,4,cooperate
Generation: 35
33,4,cooperate
34,4,cooperate
Generation: 35
16,4,cooperate
20,4,cooperate
Generation: 35
3,4,cooperate
29,4,defect
Generation: 35
5,4,cooperate
23,4,cooperate
Generation: 35
37,4,cooperate
9,4,cooperate
Generation: 35
35,4,cooperate
30,4,defect
Generation: 35
22,4,defect
6,4,defect
Generation: 35
40,4,defect
8,4,defect
Generation: 35
15,4,defect
49,4,defect
Generation: 36
22,4,defect
25,4,defect
Generation: 36
36,4,defect
10,4,defect
Generation: 36
40,4,defect
11,4,cooperate
Generation: 36
31,4,cooperate
35,4,cooperate
Generation: 36
43,4,defect
47,4,defect
Generation: 36
19,4,defect
49,4,defect
Generation: 36
1,4,defect
18,4,defect
Generation: 36
30,4,defect
37,4,defect
Generation: 36
39,4,defect
9,4,defect
Generation: 36
42,4,defect
2,4,defect
Generation: 36
28,4,defect
20,4,cooperate
Generation: 36
24,4,defect
33,4,defect
Generation: 36
5,4,cooperate
34,4,cooperate
Generation: 36
12,4,cooperate
13,4,cooperate
Generation: 36
14,4,cooperate
38,4,cooperate
Generation: 36
23,4,cooperate
21,4,cooperate
Generation: 36
26,4,cooperate
41,4,cooperate
Generation: 36
17,4,cooperate
27,4,cooperate
Generation: 36
6,4,cooperate
48,4,cooperate
Generation: 36
46,4,cooperate
44,4,cooperate
Generation: 36
7,4,cooperate
4,4,cooperate
Generation: 36
3,4,cooperate
16,4,cooperate
Generation: 36
32,4,cooperate
15,4,cooperate
Generation: 36
8,4,cooperate
45,4,cooperate
Generation: 36
29,4,defect
0,4,defect
Generation: 37
49,4,defect
30,4,defect
Generation: 37
23,4,cooperate
31,4,cooperate
Generation: 37
45,4,cooperate
14,4,cooperate
Generation: 37
32,4,cooperate
44,4,cooperate
Generation: 37
10,4,defect
28,4,defect
Generation: 37
17,4,cooperate
26,4,cooperate
Generation: 37
13,4,cooperate
39,4,defect
Generation: 37
3,4,defect
15,4,defect
Generation: 37
46,4,defect
18,4,defect
Generation: 37
1,4,defect
33,4,defect
Generation: 37
24,4,defect
35,4,cooperate
Generation: 37
29,4,defect
12,4,defect
Generation: 37
36,4,defect
27,4,defect
Generation: 37
4,4,defect
47,4,defect
Generation: 37
22,4,defect
20,4,cooperate
Generation: 37
0,4,cooperate
9,4,cooperate
Generation: 37
11,4,cooperate
16,4,cooperate
Generation: 37
2,4,cooperate
42,4,defect
Generation: 37
19,4,defect
6,4,defect
Generation: 37
8,4,defect
40,4,defect
Generation: 37
38,4,defect
34,4,defect
Generation: 37
5,4,cooperate
37,4,cooperate
Generation: 37
21,4,cooperate
7,4,cooperate
Generation: 37
43,4,defect
41,4,defect
Generation: 37
48,4,cooperate
25,4,cooperate
Generation: 38
10,4,defect
47,4,defect
Generation: 38
35,4,cooperate
1,4,cooperate
Generation: 38
21,4,cooperate
45,4,cooperate
Generation: 38
32,4,cooperate
20,4,cooperate
Generation: 38
33,4,cooperate
24,4,defect
Generation: 38
11,4,cooperate
9,4,cooperate
Generation: 38
0,4,cooperate
4,4,cooperate
Generation: 38
44,4,cooperate
27,4,cooperate
Generation: 38
3,4,cooperate
49,4,cooperate
Generation: 38
38,4,cooperate
19,4,cooperate
Generation: 38
14,4,cooperate
18,4,cooperate
Generation: 38
29,4,defect
42,4,defect
Generation: 38
8,4,defect
17,4,cooperate
Generation: 38
28,4,cooperate
36,4,cooperate
Generation: 38
5,4,cooperate
39,4,defect
Generation: 38
16,4,cooperate
40,4,defect
Generation: 38
13,4,defect
15,4,defect
Generation: 38
37,4,defect
7,4,defect
Generation: 38
43,4,defect
31,4,defect
Generation: 38
41,4,defect
46,4,defect
Generation: 38
30,4,defect
25,4,defect
Generation: 38
48,4,cooperate
22,4,cooperate
Generation: 38
34,4,cooperate
2,4,cooperate
Generation: 38
12,4,cooperate
23,4,cooperate
Generation: 38
6,4,cooperate
26,4,cooperate
Generation: 39
32,4,cooperate
6,4,cooperate
Generation: 39
12,4,cooperate
14,4,cooperate
Generation: 39
26,4,cooperate
44,4,cooperate
Generation: 39
4,4,cooperate
43,4,defect
Generation: 39
33,4,defect
15,4,defect
Generation: 39
2,4,defect
7,4,defect
Generation: 39
13,4,defect
8,4,defect
Generation: 39
19,4,defect
1,4,defect
Generation: 39
28,4,defect
45,4,defect
Generation: 39
20,4,cooperate
29,4,defect
Generation: 39
31,4,defect
0,4,defect
Generation: 39
47,4,defect
34,4,defect
Generation: 39
10,4,defect
22,4,defect
Generation: 39
40,4,defect
35,4,cooperate
Generation: 39
11,4,cooperate
42,4,defect
Generation: 39
9,4,defect
27,4,defect
Generation: 39
37,4,defect
46,4,defect
Generation: 39
48,4,cooperate
39,4,defect
Generation: 39
23,4,cooperate
24,4,defect
Generation: 39
18,4,defect
3,4,defect
Generation: 39
36,4,defect
30,4,defect
Generation: 39
25,4,defect
38,4,defect
Generation: 39
17,4,cooperate
5,4,cooperate
Generation: 39
16,4,cooperate
21,4,cooperate
Generation: 39
41,4,cooperate
49,4,cooperate
Generation: 40
19,4,cooperate
30,4,defect
Generation: 40
31,4,defect
8,4,defect
Generation: 40
6,4,defect
40,4,defect
Generation: 40
21,4,defect
45,4,defect
Generation: 40
12,4,defect
27,4,defect
Generation: 40
2,4,defect
41,4,defect
Generation: 40
34,4,defect
16,4,cooperate
Generation: 40
35,4,cooperate
4,4,cooperate
Generation: 40
17,4,cooperate
15,4,cooperate
Generation: 40
33,4,cooperate
28,4,cooperate
Generation: 40
37,4,cooperate
22,4,cooperate
Generation: 40
24,4,defect
29,4,defect
Generation: 40
48,4,cooperate
46,4,cooperate
Generation: 40
9,4,cooperate
11,4,cooperate
Generation: 40
14,4,cooperate
10,4,defect
Generation: 40
13,4,defect
43,4,defect
Generation: 40
1,4,defect
18,4,defect
Generation: 40
32,4,defect
26,4,defect
Generation: 40
49,4,defect
36,4,defect
Generation: 40
5,4,cooperate
38,4,cooperate
Generation: 40
47,4,cooperate
7,4,cooperate
Generation: 40
44,4,cooperate
3,4,cooperate
Generation: 40
0,4,cooperate
39,4,defect
Generation: 40
23,4,cooperate
20,4,cooperate
Generation: 40
42,4,defect
25,4,defect
Generation: 41
33,4,defect
47,4,defect
Generation: 41
9,4,defect
29,4,defect
Generation: 41
21,4,defect
16,4,cooperate
Generation: 41
7,4,cooperate
31,4,cooperate
Generation: 41
2,4,cooperate
25,4,cooperate
Generation: 41
4,4,cooperate
40,4,defect
Generation: 41
30,4,defect
3,4,defect
Generation: 41
14,4,defect
42,4,defect
Generation: 41
32,4,defect
28,4,defect
Generation: 41
26,4,defect
43,4,defect
Generation: 41
10,4,defect
37,4,defect
Generation: 41
36,4,defect
44,4,defect
Generation: 41
39,4,defect
18,4,defect
Generation: 41
1,4,defect
48,4,cooperate
Generation: 41
24,4,defect
12,4,defect
Generation: 41
20,4,cooperate
15,4,cooperate
Generation: 41
11,4,cooperate
46,4,cooperate
Generation: 41
19,4,cooperate
5,4,cooperate
Generation: 41
17,4,cooperate
6,4,cooperate
Generation: 41
0,4,cooperate
27,4,cooperate
Generation: 41
35,4,cooperate
38,4,cooperate
Generation: 41
8,4,cooperate
34,4,cooperate
Generation: 41
22,4,cooperate
49,4,cooperate
Generation: 41
41,4,cooperate
13,4,cooperate
Generation: 41
45,4,cooperate
23,4,cooperate
Generation: 42
6,4,cooperate
3,4,cooperate
Generation: 42
31,4,cooperate
34,4,cooperate
Generation: 42
47,4,cooperate
25,4,cooperate
Generation: 42
46,4,cooperate
20,4,cooperate
Generation: 42
27,4,cooperate
30,4,defect
Generation: 42
49,4,defect
5,4,cooperate
Generation: 42
8,4,cooperate
13,4,cooperate
Generation: 42
43,4,defect
9,4,defect
Generation: 42
32,4,defect
33,4,defect
Generation: 42
0,4,defect
10,4,defect
Generation: 42
37,4,defect
17,4,cooperate
Generation: 42
12,4,cooperate
48,4,cooperate
Generation: 42
22,4,cooperate
36,4,cooperate
Generation: 42
44,4,cooperate
23,4,cooperate
Generation: 42
40,4,defect
7,4,defect
Generation: 42
24,4,defect
2,4,defect
Generation: 42
14,4,defect
35,4,cooperate
Generation: 42
18,4,cooperate
28,4,cooperate
Generation: 42
38,4,cooperate
19,4,cooperate
Generation: 42
4,4,cooperate
1,4,cooperate
Generation: 42
16,4,cooperate
39,4,defect
Generation: 42
26,4,defect
41,4,defect
Generation: 42
42,4,defect
15,4,defect
Generation: 42
21,4,defect
29,4,defect
Generation: 42
45,4,defect
11,4,cooperate
Generation: 43
35,4,cooperate
46,4,cooperate
Generation: 43
21,4,cooperate
31,4,cooperate
Generation: 43
42,4,defect
0,4,defect
Generation: 43
25,4,defect
27,4,defect
Generation: 43
36,4,defect
7,4,defect
Generation: 43
39,4,defect
11,4,cooperate
Generation: 43
13,4,cooperate
14,4,cooperate
Generation: 43
47,4,cooperate
45,4,cooperate
Generation: 43
24,4,defect
3,4,defect
Generation: 43
34,4,defect
33,4,defect
Generation: 43
48,4,cooperate
41,4,cooperate
Generation: 43
16,4,cooperate
12,4,cooperate
Generation: 43
23,4,cooperate
32,4,cooperate
Generation: 43
19,4,cooperate
37,4,cooperate
Generation: 43
15,4,cooperate
49,4,cooperate
Generation: 43
8,4,cooperate
26,4,cooperate
Generation: 43
29,4,defect
40,4,defect
Generation: 43
30,4,defect
9,4,defect
Generation: 43
38,4,defect
43,4,defect
Generation: 43
5,4,cooperate
10,4,defect
Generation: 43
20,4,cooperate
44,4,cooperate
Generation: 43
4,4,cooperate
18,4,cooperate
Generation: 43
2,4,cooperate
28,4,cooperate
Generation: 43
22,4,cooperate
17,4,cooperate
Generation: 43
6,4,cooperate
1,4,cooperate
Generation: 44
36,4,cooperate
43,4,defect
Generation: 44
12,4,defect
7,4,defect
Generation: 44
27,4,defect
34,4,defect
Generation: 44
42,4,defect
24,4,defect
Generation: 44
32,4,defect
13,4,defect
Generation: 44
45,4,defect
15,4,defect
Generation: 44
41,4,defect
3,4,defect
Generation: 44
16,4,cooperate
25,4,cooperate
Generation: 44
8,4,cooperate
20,4,cooperate
Generation: 44
39,4,defect
19,4,defect
Generation: 44
48,4,cooperate
21,4,cooperate
Generation: 44
1,4,cooperate
17,4,cooperate
Generation: 44
2,4,cooperate
4,4,cooperate
Generation: 44
6,4,cooperate
31,4,cooperate
Generation: 44
23,4,cooperate
29,4,defect
Generation: 44
44,4,defect
40,4,defect
Generation: 44
46,4,defect
37,4,defect
Generation: 44
10,4,defect
30,4,defect
Generation: 44
49,4,defect
11,4,cooperate
Generation: 44
33,4,cooperate
14,4,cooperate
Generation: 44
35,4,cooperate
28,4,cooperate
Generation: 44
38,4,cooperate
18,4,cooperate
Generation: 44
22,4,cooperate
0,4,cooperate
Generation: 44
26,4,cooperate
47,4,cooperate
Generation: 44
9,4,cooperate
5,4,cooperate
Generation: 45
18,4,cooperate
46,4,cooperate
Generation: 45
31,4,cooperate
23,4,cooperate
Generation: 45
34,4,cooperate
13,4,cooperate
Generation: 45
39,4,defect
8,4,defect
Generation: 45
21,4,defect
9,4,defect
Generation: 45
36,4,defect
14,4,defect
Generation: 45
10,4,defect
7,4,defect
Generation: 45
29,4,defect
49,4,defect
Generation: 45
15,4,defect
11,4,cooperate
Generation: 45
17,4,cooperate
42,4,defect
Generation: 45
44,4,defect
41,4,defect
Generation: 45
37,4,defect
1,4,defect
Generation: 45
33,4,defect
3,4,defect
Generation: 45
5,4,cooperate
26,4,cooperate
Generation: 45
27,4,cooperate
2,4,cooperate
Generation: 45
12,4,cooperate
4,4,cooperate
Generation: 45
22,4,cooperate
38,4,cooperate
Generation: 45
47,4,cooperate
35,4,cooperate
Generation: 45
24,4,defect
48,4,cooperate
Generation: 45
19,4,cooperate
45,4,cooperate
Generation: 45
40,4,defect
25,4,defect
Generation: 45
0,4,defect
43,4,defect
Generation: 45
28,4,defect
20,4,cooperate
Generation: 45
32,4,cooperate
16,4,cooperate
Generation: 45
6,4,cooperate
30,4,defect
Generation: 46
18,4,defect
6,4,defect
Generation: 46
35,4,cooperate
27,4,cooperate
Generation: 46
4,4,cooperate
49,4,cooperate
Generation: 46
31,4,cooperate
43,4,defect
Generation: 46
38,4,defect
25,4,defect
Generation: 46
24,4,defect
21,4,defect
Generation: 46
17,4,cooperate
30,4,defect
Generation: 46
19,4,defect
48,4,cooperate
Generation: 46
1,4,cooperate
34,4,cooperate
Generation: 46
14,4,cooperate
46,4,cooperate
Generation: 46
33,4,cooperate
40,4,defect
Generation: 46
12,4,defect
11,4,cooperate
Generation: 46
0,4,cooperate
10,4,defect
Generation: 46
2,4,defect
32,4,defect
Generation: 46
8,4,defect
36,4,defect
Generation: 46
39,4,defect
5,4,cooperate
Generation: 46
22,4,cooperate
13,4,cooperate
Generation: 46
28,4,cooperate
44,4,cooperate
Generation: 46
29,4,defect
20,4,cooperate
Generation: 46
26,4,cooperate
23,4,cooperate
Generation: 46
9,4,cooperate
3,4,cooperate
Generation: 46
7,4,cooperate
37,4,cooperate
Generation: 46
47,4,cooperate
42,4,defect
Generation: 46
15,4,defect
16,4,cooperate
Generation: 46
41,4,cooperate
45,4,cooperate
Generation: 47
35,4,cooperate
14,4,cooperate
Generation: 47
45,4,cooperate
13,4,cooperate
Generation: 47
48,4,cooperate
29,4,defect
Generation: 47
46,4,defect
42,4,defect
Generation: 47
1,4,defect
0,4,defect
Generation: 47
5,4,cooperate
17,4,cooperate
Generation: 47
31,4,cooperate
47,4,cooperate
Generation: 47
12,4,cooperate
19,4,cooperate
Generation: 47
15,4,cooperate
23,4,cooperate
Generation: 47
22,4,cooperate
43,4,defect
Generation: 47
9,4,defect
40,4,defect
Generation: 47
18,4,defect
49,4,defect
Generation: 47
38,4,defect
30,4,defect
Generation: 47
10,4,defect
4,4,defect
Generation: 47
20,4,cooperate
28,4,cooperate
Generation: 47
21,4,cooperate
36,4,cooperate
Generation: 47
11,4,cooperate
7,4,cooperate
Generation: 47
16,4,cooperate
2,4,cooperate
Generation: 47
24,4,defect
26,4,defect
Generation: 47
8,4,defect
33,4,defect
Generation: 47
37,4,defect
44,4,defect
Generation: 47
39,4,defect
34,4,defect
Generation: 47
32,4,defect
6,4,defect
Generation: 47
41,4,defect
27,4,defect
Generation: 47
25,4,defect
3,4,defect
Generation: 48
30,4,defect
12,4,defect
Generation: 48
34,4,defect
5,4,cooperate
Generation: 48
38,4,cooperate
48,4,cooperate
Generation: 48
19,4,cooperate
24,4,defect
Generation: 48
42,4,defect
14,4,defect
Generation: 48
45,4,defect
0,4,defect
Generation: 48
6,4,defect
10,4,defect
Generation: 48
11,4,cooperate
37,4,cooperate
Generation: 48
13,4,cooperate
44,4,cooperate
Generation: 48
7,4,cooperate
8,4,cooperate
Generation: 48
33,4,cooperate
27,4,cooperate
Generation: 48
29,4,defect
2,4,defect
Generation: 48
35,4,cooperate
43,4,defect
Generation: 48
28,4,defect
23,4,cooperate
Generation: 48
40,4,defect
26,4,defect
Generation: 48
20,4,cooperate
3,4,cooperate
Generation: 48
22,4,cooperate
49,4,cooperate
Generation: 48
32,4,cooperate
25,4,cooperate
Generation: 48
15,4,cooperate
18,4,cooperate
Generation: 48
1,4,cooperate
46,4,cooperate
Generation: 48
21,4,cooperate
31,4,cooperate
Generation: 48
4,4,cooperate
16,4,cooperate
Generation: 48
47,4,cooperate
39,4,defect
Generation: 48
36,4,defect
17,4,cooperate
Generation: 48
41,4,cooperate
9,4,cooperate
Generation: 49
20,4,cooperate
18,4,cooperate
Generation: 49
30,4,defect
1,4,defect
Generation: 49
42,4,defect
46,4,defect
Generation: 49
16,4,cooperate
39,4,defect
Generation: 49
36,4,defect
7,4,defect
Generation: 49
27,4,defect
38,4,defect
Generation: 49
4,4,defect
9,4,defect
Generation: 49
43,4,defect
48,4,cooperate
Generation: 49
15,4,cooperate
40,4,defect
Generation: 49
10,4,defect
17,4,cooperate
Generation: 49
21,4,cooperate
44,4,cooperate
Generation: 49
47,4,cooperate
22,4,cooperate
Generation: 49
37,4,cooperate
6,4,cooperate
Generation: 49
25,4,cooperate
8,4,cooperate
Generation: 49
45,4,cooperate
0,4,cooperate
Generation: 49
14,4,cooperate
32,4,cooperate
Generation: 49
31,4,cooperate
23,4,cooperate
Generation: 49
34,4,cooperate
3,4,cooperate
Generation: 49
49,4,cooperate
13,4,cooperate
Generation: 49
12,4,cooperate
26,4,cooperate
Generation: 49
41,4,cooperate
11,4,cooperate
Generation: 49
33,4,cooperate
35,4,cooperate
Generation: 49
2,4,cooperate
5,4,cooperate
Generation: 49
28,4,cooperate
24,4,defect
Generation: 49
29,4,defect
19,4,defect
